Queen_Elizabeth_II/Queen_Elizabeth_II_0006.jpg Queen_Elizabeth_II/Queen_Elizabeth_II_0007.jpg 1
Magdalena_Maleeva/Magdalena_Maleeva_0001.jpg Magdalena_Maleeva/Magdalena_Maleeva_0002.jpg 1
Akhmed_Zakayev/Akhmed_Zakayev_0002.jpg Akhmed_Zakayev/Akhmed_Zakayev_0003.jpg 1
Robert_Altman/Robert_Altman_0001.jpg Stella_Keitel/Stella_Keitel_0001.jpg 0
Mohammed_Al-Douri/Mohammed_Al-Douri_0002.jpg Mohammed_Al-Douri/Mohammed_Al-Douri_0005.jpg 1
Andy_Roddick/Andy_Roddick_0001.jpg Richard_Gephardt/Richard_Gephardt_0004.jpg 0
Joe_Cravens/Joe_Cravens_0001.jpg Jose_Lopez_Beltran/Jose_Lopez_Beltran_0001.jpg 0
William_Donaldson/William_Donaldson_0003.jpg William_Donaldson/William_Donaldson_0007.jpg 1
Ed_Smart/Ed_Smart_0003.jpg William_Shatner/William_Shatner_0001.jpg 0
Barbara_Walters/Barbara_Walters_0003.jpg Barbara_Walters/Barbara_Walters_0004.jpg 1
David_Myers/David_Myers_0002.jpg Kenny_Brack/Kenny_Brack_0001.jpg 0
Xavier_Malisse/Xavier_Malisse_0002.jpg Xavier_Malisse/Xavier_Malisse_0003.jpg 1
Valentino_Rossi/Valentino_Rossi_0004.jpg Valentino_Rossi/Valentino_Rossi_0005.jpg 1
Ray_Morrough/Ray_Morrough_0001.jpg Ron_Gonzales/Ron_Gonzales_0001.jpg 0
Rob_Marshall/Rob_Marshall_0004.jpg Rob_Marshall/Rob_Marshall_0006.jpg 1
Igor_Ivanov/Igor_Ivanov_0005.jpg Igor_Ivanov/Igor_Ivanov_0016.jpg 1
Ciro_Gomes/Ciro_Gomes_0004.jpg JT_Snow/JT_Snow_0001.jpg 0
Chakib_Khelil/Chakib_Khelil_0001.jpg Nathan_Doudney/Nathan_Doudney_0001.jpg 0
Emmanuelle_Beart/Emmanuelle_Beart_0002.jpg Emmanuelle_Beart/Emmanuelle_Beart_0003.jpg 1
Hu_Jintao/Hu_Jintao_0002.jpg Hu_Jintao/Hu_Jintao_0003.jpg 1
Daniel_Rouse/Daniel_Rouse_0001.jpg Talisa_Bratt/Talisa_Bratt_0001.jpg 0
James_Hakett/James_Hakett_0001.jpg Leandro_Garcia/Leandro_Garcia_0001.jpg 0
Tommy_Robredo/Tommy_Robredo_0002.jpg Tommy_Robredo/Tommy_Robredo_0003.jpg 1
Cassandra_Heise/Cassandra_Heise_0001.jpg Michael_Kors/Michael_Kors_0001.jpg 0
Luis_Guzman/Luis_Guzman_0001.jpg Thomas_Ulrich/Thomas_Ulrich_0001.jpg 0
Guy_Hemmings/Guy_Hemmings_0002.jpg Ryan_Goodman/Ryan_Goodman_0001.jpg 0
Hee-Won_Han/Hee-Won_Han_0001.jpg Hee-Won_Han/Hee-Won_Han_0003.jpg 1
Angela_Bassett/Angela_Bassett_0002.jpg Angela_Bassett/Angela_Bassett_0006.jpg 1
Tim_Robbins/Tim_Robbins_0002.jpg Tim_Robbins/Tim_Robbins_0003.jpg 1
Brian_Van_Dusen/Brian_Van_Dusen_0001.jpg Sergio_Garcia/Sergio_Garcia_0001.jpg 0
Gregg_Popovich/Gregg_Popovich_0003.jpg Gregg_Popovich/Gregg_Popovich_0004.jpg 1
Bill_Belichick/Bill_Belichick_0001.jpg Guillermo_Coria/Guillermo_Coria_0025.jpg 0
Elijan_Ingram/Elijan_Ingram_0001.jpg Yang_Hee_Kim/Yang_Hee_Kim_0001.jpg 0
Win_Aung/Win_Aung_0001.jpg Win_Aung/Win_Aung_0004.jpg 1
Ernie_Grunfeld/Ernie_Grunfeld_0001.jpg Steven_Kinlock/Steven_Kinlock_0001.jpg 0
Arianna_Huffington/Arianna_Huffington_0001.jpg Arianna_Huffington/Arianna_Huffington_0002.jpg 1
Bob_Graham/Bob_Graham_0006.jpg Mary_Tyler_Moore/Mary_Tyler_Moore_0002.jpg 0
Vin_Diesel/Vin_Diesel_0001.jpg Vin_Diesel/Vin_Diesel_0002.jpg 1
Ana_Guevara/Ana_Guevara_0002.jpg Ana_Guevara/Ana_Guevara_0006.jpg 1
Adolfo_Aguilar_Zinser/Adolfo_Aguilar_Zinser_0002.jpg Ian_Wilmut/Ian_Wilmut_0001.jpg 0
Peter_Struck/Peter_Struck_0001.jpg Peter_Struck/Peter_Struck_0005.jpg 1
Ainsworth_Dyer/Ainsworth_Dyer_0001.jpg Mary_Sue_Coleman/Mary_Sue_Coleman_0001.jpg 0
Miyako_Miyazaki/Miyako_Miyazaki_0001.jpg Miyako_Miyazaki/Miyako_Miyazaki_0002.jpg 1
Helen_Clark/Helen_Clark_0003.jpg Helen_Clark/Helen_Clark_0004.jpg 1
Nicolas_Escude/Nicolas_Escude_0001.jpg Nicolas_Escude/Nicolas_Escude_0002.jpg 1
Johnny_Htu/Johnny_Htu_0001.jpg Victor_Kraatz/Victor_Kraatz_0001.jpg 0
Gerard_Depardieu/Gerard_Depardieu_0001.jpg Harrison_Ford/Harrison_Ford_0007.jpg 0
Amanda_Coetzer/Amanda_Coetzer_0002.jpg Rhett_Warrener/Rhett_Warrener_0001.jpg 0
Abdullah_al-Attiyah/Abdullah_al-Attiyah_0001.jpg Abdullah_al-Attiyah/Abdullah_al-Attiyah_0003.jpg 1
Joey_Mantia/Joey_Mantia_0001.jpg Mitar_Rasevic/Mitar_Rasevic_0001.jpg 0
Muhammad_Saeed_al-Sahhaf/Muhammad_Saeed_al-Sahhaf_0003.jpg Muhammad_Saeed_al-Sahhaf/Muhammad_Saeed_al-Sahhaf_0004.jpg 1
Amelia_Vega/Amelia_Vega_0005.jpg Amelia_Vega/Amelia_Vega_0007.jpg 1
Hermes_Gamonal/Hermes_Gamonal_0001.jpg Jason_Biggs/Jason_Biggs_0001.jpg 0
Anzori_Kikalishvili/Anzori_Kikalishvili_0001.jpg Milan_Kucan/Milan_Kucan_0001.jpg 0
Enrique_Medina_Gomez/Enrique_Medina_Gomez_0001.jpg William_Cocksedge/William_Cocksedge_0001.jpg 0
Bernardo_Segura/Bernardo_Segura_0002.jpg Mike_Bair/Mike_Bair_0001.jpg 0
George_Lopez/George_Lopez_0001.jpg George_Lopez/George_Lopez_0004.jpg 1
Bob_Huggins/Bob_Huggins_0001.jpg Bob_Huggins/Bob_Huggins_0002.jpg 1
Norah_Jones/Norah_Jones_0005.jpg Norah_Jones/Norah_Jones_0013.jpg 1
Hosni_Mubarak/Hosni_Mubarak_0008.jpg Hosni_Mubarak/Hosni_Mubarak_0009.jpg 1
Maureen_Fanning/Maureen_Fanning_0001.jpg Maureen_Fanning/Maureen_Fanning_0002.jpg 1
Saeb_Erekat/Saeb_Erekat_0001.jpg Saeb_Erekat/Saeb_Erekat_0002.jpg 1
Alan_Trammell/Alan_Trammell_0001.jpg Lin_Yung_Hsi/Lin_Yung_Hsi_0001.jpg 0
Alec_Baldwin/Alec_Baldwin_0003.jpg Guy_Ritchie/Guy_Ritchie_0001.jpg 0
Antonio_Banderas/Antonio_Banderas_0002.jpg Antonio_Banderas/Antonio_Banderas_0003.jpg 1
Naji_Sabri/Naji_Sabri_0004.jpg Naji_Sabri/Naji_Sabri_0008.jpg 1
Thomas_Bjorn/Thomas_Bjorn_0001.jpg Thomas_Bjorn/Thomas_Bjorn_0002.jpg 1
Jeffrey_Archer/Jeffrey_Archer_0001.jpg Jeffrey_Archer/Jeffrey_Archer_0002.jpg 1
Bob_Bowlsby/Bob_Bowlsby_0001.jpg Tyler_Grillo/Tyler_Grillo_0001.jpg 0
Don_Hewitt/Don_Hewitt_0001.jpg Mike_Webster/Mike_Webster_0001.jpg 0
Gordana_Grubin/Gordana_Grubin_0001.jpg Sylvester_Stallone/Sylvester_Stallone_0006.jpg 0
Emmanuelle_Beart/Emmanuelle_Beart_0001.jpg Emmanuelle_Beart/Emmanuelle_Beart_0002.jpg 1
Jimmy_Lee/Jimmy_Lee_0001.jpg Steve_McManaman/Steve_McManaman_0001.jpg 0
Kobe_Bryant/Kobe_Bryant_0002.jpg Kobe_Bryant/Kobe_Bryant_0003.jpg 1
Igor_Trunov/Igor_Trunov_0001.jpg Steve_Avery/Steve_Avery_0001.jpg 0
Diego_Armando_Maradona/Diego_Armando_Maradona_0001.jpg Lee_Chang-dong/Lee_Chang-dong_0001.jpg 0
Kent_Rominger/Kent_Rominger_0001.jpg Kent_Rominger/Kent_Rominger_0002.jpg 1
Jeremy_Fogel/Jeremy_Fogel_0001.jpg Sharon_Frey/Sharon_Frey_0001.jpg 0
John_Sweeney/John_Sweeney_0001.jpg Ronald_Ito/Ronald_Ito_0001.jpg 0
Ben_Braun/Ben_Braun_0001.jpg Dionyssis_Georgiadis/Dionyssis_Georgiadis_0001.jpg 0
Hushiar_Zebari/Hushiar_Zebari_0001.jpg Morgan_Fairchild/Morgan_Fairchild_0001.jpg 0
Stephen_Frears/Stephen_Frears_0001.jpg Taufik_Kiemas/Taufik_Kiemas_0001.jpg 0
Faisal_Saleh_Hayat/Faisal_Saleh_Hayat_0001.jpg Keira_Knightley/Keira_Knightley_0002.jpg 0
Dianne_Feinstein/Dianne_Feinstein_0001.jpg Dolly_Parton/Dolly_Parton_0001.jpg 0
Mian_Khursheed_Mehmood_Kasuri/Mian_Khursheed_Mehmood_Kasuri_0002.jpg Mian_Khursheed_Mehmood_Kasuri/Mian_Khursheed_Mehmood_Kasuri_0003.jpg 1
Princess_Anne/Princess_Anne_0001.jpg Princess_Anne/Princess_Anne_0002.jpg 1
Alexandra_Vodjanikova/Alexandra_Vodjanikova_0001.jpg Alexandra_Vodjanikova/Alexandra_Vodjanikova_0002.jpg 1
Elodie_Bouchez/Elodie_Bouchez_0001.jpg Enrique_Oliu/Enrique_Oliu_0001.jpg 0
Chadha_Gurinder/Chadha_Gurinder_0001.jpg George_Ryan/George_Ryan_0002.jpg 0
Pat_Cox/Pat_Cox_0001.jpg Prince_Felipe/Prince_Felipe_0001.jpg 0
Donald_Fehr/Donald_Fehr_0003.jpg Donald_Fehr/Donald_Fehr_0004.jpg 1
Laurence_Tribe/Laurence_Tribe_0001.jpg Mark_Lazarus/Mark_Lazarus_0001.jpg 0
Bill_Simon/Bill_Simon_0004.jpg Bill_Simon/Bill_Simon_0015.jpg 1
Rubens_Barrichello/Rubens_Barrichello_0001.jpg Rubens_Barrichello/Rubens_Barrichello_0009.jpg 1
Ed_Smart/Ed_Smart_0003.jpg Zaini_Abdullah/Zaini_Abdullah_0001.jpg 0
Paula_Radcliffe/Paula_Radcliffe_0001.jpg Theresa_May/Theresa_May_0002.jpg 0
Carla_Gay_Balingit/Carla_Gay_Balingit_0001.jpg Fernando_Henrique_Cardoso/Fernando_Henrique_Cardoso_0005.jpg 0
Kirk_Johnson/Kirk_Johnson_0001.jpg Uzi_Even/Uzi_Even_0001.jpg 0
Bernard_Law/Bernard_Law_0002.jpg Bernard_Law/Bernard_Law_0005.jpg 1
Barbra_Streisand/Barbra_Streisand_0001.jpg Barbra_Streisand/Barbra_Streisand_0002.jpg 1
Donald_Hays/Donald_Hays_0001.jpg Marcio_de_Souza/Marcio_de_Souza_0001.jpg 0
Barrett_Jackman/Barrett_Jackman_0001.jpg Maureen_Kanka/Maureen_Kanka_0001.jpg 0
Clara_Harris/Clara_Harris_0001.jpg Clara_Harris/Clara_Harris_0004.jpg 1
Moshe_Katsav/Moshe_Katsav_0002.jpg Moshe_Katsav/Moshe_Katsav_0003.jpg 1
Hipolito_Mejia/Hipolito_Mejia_0001.jpg Hipolito_Mejia/Hipolito_Mejia_0003.jpg 1
Ellen_DeGeneres/Ellen_DeGeneres_0002.jpg Kevin_Keegan/Kevin_Keegan_0001.jpg 0
George_HW_Bush/George_HW_Bush_0009.jpg John_Lisowski/John_Lisowski_0001.jpg 0
Alberto_Acosta/Alberto_Acosta_0001.jpg Manuel_Rosendo/Manuel_Rosendo_0001.jpg 0
Hiroki_Gomi/Hiroki_Gomi_0001.jpg Steve_Karsay/Steve_Karsay_0001.jpg 0
Sonia_Gandhi/Sonia_Gandhi_0001.jpg Sonia_Gandhi/Sonia_Gandhi_0003.jpg 1
Lou_Piniella/Lou_Piniella_0001.jpg Lou_Piniella/Lou_Piniella_0003.jpg 1
Markus_Beyer/Markus_Beyer_0001.jpg Ulrich_Kueperkoch/Ulrich_Kueperkoch_0001.jpg 0
Flavia_Delaroli/Flavia_Delaroli_0001.jpg Flavia_Delaroli/Flavia_Delaroli_0002.jpg 1
Naomi_Bronstein/Naomi_Bronstein_0001.jpg Rainer_Geulen/Rainer_Geulen_0001.jpg 0
Jafar_Umar_Thalib/Jafar_Umar_Thalib_0001.jpg Juan_Valencia_Osorio/Juan_Valencia_Osorio_0001.jpg 0
Charles_Mathews/Charles_Mathews_0001.jpg Judy_Genshaft/Judy_Genshaft_0001.jpg 0
Rainer_Schuettler/Rainer_Schuettler_0003.jpg Rainer_Schuettler/Rainer_Schuettler_0004.jpg 1
Jennifer_Garner/Jennifer_Garner_0005.jpg Jennifer_Garner/Jennifer_Garner_0011.jpg 1
Frances_Fisher/Frances_Fisher_0001.jpg Frances_Fisher/Frances_Fisher_0002.jpg 1
Yu_Shyi-kun/Yu_Shyi-kun_0003.jpg Yu_Shyi-kun/Yu_Shyi-kun_0004.jpg 1
Ruth_Dreifuss/Ruth_Dreifuss_0001.jpg Ruth_Dreifuss/Ruth_Dreifuss_0002.jpg 1
Bill_Callahan/Bill_Callahan_0001.jpg Bill_Callahan/Bill_Callahan_0003.jpg 1
Dan_Boyle/Dan_Boyle_0001.jpg Pete_Gillen/Pete_Gillen_0001.jpg 0
Ernie_Els/Ernie_Els_0001.jpg Ernie_Els/Ernie_Els_0003.jpg 1
Bill_Gates/Bill_Gates_0003.jpg Bill_Gates/Bill_Gates_0011.jpg 1
Eileen_Spina/Eileen_Spina_0001.jpg Jason_Statham/Jason_Statham_0001.jpg 0
Matt_Anderson/Matt_Anderson_0001.jpg Pauley_Perrette/Pauley_Perrette_0001.jpg 0
Dan_Quayle/Dan_Quayle_0001.jpg Edina_Batar/Edina_Batar_0001.jpg 0
Bernardo_Segura/Bernardo_Segura_0001.jpg Bernardo_Segura/Bernardo_Segura_0002.jpg 1
Asa_Hutchinson/Asa_Hutchinson_0001.jpg Asa_Hutchinson/Asa_Hutchinson_0002.jpg 1
Arnoldo_Aleman/Arnoldo_Aleman_0001.jpg Arnoldo_Aleman/Arnoldo_Aleman_0003.jpg 1
Alex_Sink/Alex_Sink_0002.jpg Alex_Sink/Alex_Sink_0003.jpg 1
Federico_Trillo/Federico_Trillo_0001.jpg Federico_Trillo/Federico_Trillo_0003.jpg 1
Johnny_Tapia/Johnny_Tapia_0001.jpg Johnny_Tapia/Johnny_Tapia_0003.jpg 1
Mario_Vasquez_Rana/Mario_Vasquez_Rana_0001.jpg Robert_Bonner/Robert_Bonner_0001.jpg 0
Gilberto_Simoni/Gilberto_Simoni_0001.jpg Razali_Ismail/Razali_Ismail_0001.jpg 0
Jo_Dee_Messina/Jo_Dee_Messina_0001.jpg Jo_Dee_Messina/Jo_Dee_Messina_0002.jpg 1
Ai_Sugiyama/Ai_Sugiyama_0002.jpg Ai_Sugiyama/Ai_Sugiyama_0004.jpg 1
George_Gregan/George_Gregan_0001.jpg James_Gandolfini/James_Gandolfini_0003.jpg 0
Erin_Brockovich/Erin_Brockovich_0001.jpg Takahiro_Mori/Takahiro_Mori_0001.jpg 0
Kathryn_Bigelow/Kathryn_Bigelow_0001.jpg Kathryn_Bigelow/Kathryn_Bigelow_0002.jpg 1
Quincy_Jones/Quincy_Jones_0001.jpg Stephen_Joseph/Stephen_Joseph_0001.jpg 0
Doug_Wilson/Doug_Wilson_0001.jpg Lee_Chang-dong/Lee_Chang-dong_0001.jpg 0
Rubens_Barrichello/Rubens_Barrichello_0002.jpg Rubens_Barrichello/Rubens_Barrichello_0006.jpg 1
Helo_Pinheiro/Helo_Pinheiro_0001.jpg Rien_Long/Rien_Long_0001.jpg 0
Li_Zhaoxing/Li_Zhaoxing_0001.jpg Li_Zhaoxing/Li_Zhaoxing_0005.jpg 1
Ahmed_Ibrahim_Bilal/Ahmed_Ibrahim_Bilal_0001.jpg Paul_Wilson/Paul_Wilson_0001.jpg 0
Hans_Blix/Hans_Blix_0002.jpg Hans_Blix/Hans_Blix_0003.jpg 1
Ellen_Engleman/Ellen_Engleman_0001.jpg Hassanal_Bolkiah/Hassanal_Bolkiah_0001.jpg 0
Frank_Shea/Frank_Shea_0001.jpg Mercedes_Amor/Mercedes_Amor_0001.jpg 0
Andrew_Weissmann/Andrew_Weissmann_0001.jpg Andrew_Weissmann/Andrew_Weissmann_0003.jpg 1
Bill_Nelson/Bill_Nelson_0002.jpg Roberto_Tovar/Roberto_Tovar_0001.jpg 0
George_Allen/George_Allen_0001.jpg Pedro_Duque/Pedro_Duque_0001.jpg 0
Arnold_Palmer/Arnold_Palmer_0001.jpg Arnold_Palmer/Arnold_Palmer_0002.jpg 1
Tim_Henman/Tim_Henman_0015.jpg Tim_Henman/Tim_Henman_0019.jpg 1
Darrell_Issa/Darrell_Issa_0001.jpg Darrell_Issa/Darrell_Issa_0002.jpg 1
Akmal_Taher/Akmal_Taher_0001.jpg Deena_Burnett/Deena_Burnett_0001.jpg 0
Boris_Becker/Boris_Becker_0002.jpg Jason_Gardner/Jason_Gardner_0001.jpg 0
Chen_Tsai-chin/Chen_Tsai-chin_0001.jpg Tim_Welsh/Tim_Welsh_0001.jpg 0
Ari_Fleischer/Ari_Fleischer_0008.jpg Ari_Fleischer/Ari_Fleischer_0013.jpg 1
